post_id,post_title,comment_id,comment_body,score,created_utc,post_upvotes,post_comments
1k8081s,Gym Story Saturday,mp4vghj,"Me egolifting watching someone else egolifting: ""Pathetic""",89,1745670099.0,56,94
1k8081s,Gym Story Saturday,mp3638t,"I started lifting about 8 months ago. This week they had people handing out 3 day passes to a gym on campus. The guy comes up to me and says ""hey bro, it looks like you already have a gym, but do you want a 3 day pass?"" I think he is the first person to say something like that to me, and it really warmed my heart.",123,1745637592.0,56,94
1k8081s,Gym Story Saturday,mp4p6sy,"I'm doing heavy overhead presses in the corner rack which is really close to the wall. During the middle of my set, a woman squeezes by, under my barbell path, to grab a 10 lb plate from the side closest to the wall. I'm now holding the barbell completely overhead. I tell her to wait for people to be done before doing that. She gets angry, tells me to calm down and huffs off, again under the barbell path.",45,1745667306.0,56,94
1k8081s,Gym Story Saturday,mp3j90w,"Remember I posted about the lady who was on her phone talking in the shower in the women‚Äôs locker room? Well, I‚Äôve got an update‚Ä¶

I was told by one of the staff members that was handling that situation that she came back the next day. She was trying to pull the same thing, then proceeded to sleep in the same locker room. She was doing this for hours on end. She was asked to leave, again and was told she was loitering.

So she left. But she didn‚Äôt leave the property. She was then yelling outside of the main entrance that ‚Äúshe was being harrassed, don‚Äôt come here‚Äù etc etc. which isn‚Äôt what was happening. She was the one that was making other members uncomfortable, being nasty to staff members. So she was told that if she tried to come back inside she‚Äôd be trespassing.

Guess what she did? 

Cops were called. She was arrested and banned from all YMCA‚Äôs in this area which includes 4-5 cities.",55,1745643319.0,56,94
1k8081s,Gym Story Saturday,mp3fswh,"I've been trying out a new gym (a different instance of the same chain to which I have a membership), and have been silently ranting in my head about their dual cable machines not having weight indicators on the plates (only incrementing numbers). Today I realised that the weights are printed on the rear of the plates (facepalm). I started updating my Hevy routine before realising this would throw out all my previous recorded sessions .... so now sitting at home post-workout and reversing the changes.

Good times.

(Aware that weights don't actually matter on these machines, but I'm a numbers-driven nerd and have always used weights before when possible).",22,1745641717.0,56,94
1k8081s,Gym Story Saturday,mp2ke0j,"My gym has two floors with the second floor having a separate VIP section. I went into the VIP section and immediately got smacked in the face by the wettest, stankiest, most putrid smell of shit. That WMD-level protein-induced ass permeated the entire VIP floor. Teary eyed, squinting, I could see the silhouette of a 4‚Äô10‚Äù girl by the squat rack in the corner. Ngl Im still impressed.",34,1745629627.0,56,94
1k8081s,Gym Story Saturday,mpbet1m,"It was leg day. I (21F) was two sets in squatting and for the first time in a long long time wearing a tight top and tight bottoms. I also usually don't squat on leg days because of some previous knee injuries but I've been trying to build up my knee strength. Anyway, I decide to take a sip of water and as I do so I kinda look around a little bit and notice that a teen gym bro is on a machine behind me (pretty close behind me as well). He looks a little familiar. Oh, did I mention I'm a student teacher ü´†

Nightmare nightmare nightmare",15,1745763770.0,56,94
1k8081s,Gym Story Saturday,mp5l6rl,[removed],12,1745679351.0,56,94
1k8081s,Gym Story Saturday,mp5xcro,"My Saturday chain gym finally added a plate-loaded leg press and hack squat.    Such a game changer, not sure why it took literally years for them to do this butI'll take it!",12,1745683175.0,56,94
1k8081s,Gym Story Saturday,mp65nm5,[deleted],11,1745685801.0,56,94
1k8081s,Gym Story Saturday,mp4291v,"Went up to my gym crush of several months today (I'm male, 31) and just plainly asked for her number. And she gave it to me!!! Just told her then that I will message her later and wished her a good training and went away. Haven't checked if it's the real number yet lol",32,1745653891.0,56,94
1k8081s,Gym Story Saturday,mp6cfvq,"I‚Äôm about a year into working out. Middle-aged guy, always scrawny around 137 lbs, I‚Äôm  eating better and up to 165 lbs. I still look skinny but at least am toned. 

While I was deadlifting had a random guy I often see tell me I should get a lifting belt because ‚Äúthat‚Äôs a lot of weight.‚Äù He continued saying he saw me at the gym a lot and he admired my ‚Äúdedication and hard work‚Äù while also referencing how much I was lifting on another exercise last week. I don‚Äôt think it‚Äôs a LOT of weight, but maybe for a guy with my build it is. Felt pretty good!",19,1745687879.0,56,94
1k8081s,Gym Story Saturday,mp5n9ke,"My gym recently got legit farmers bars, so I've been using them with farmers walks.

It's definitely harder than using dumbbells or kettlebells with the weight being forward and behind you. 

Can't wait to incorporate them into my next training block.",5,1745680006.0,56,94
1k8081s,Gym Story Saturday,mp51s37,"I got pinned on a squat despite using the safetys.

I decided to check my 1RM and set the safetys during the warm-up.  I had the right height, but the bar just tapped on them at the bottom.  So I moved them down one more setting.  When I finally missed a squat, I was stuck under the bar. I squat to full depth, so I didn't have the ability to just drop further.  It took me a while to figure out how to work myself from under the bar.

Lesson learned.",8,1745672643.0,56,94
1k8081s,Gym Story Saturday,mp3qkrv,"- For the past two weeks I've been lifting every single day and I never feel sore at all any more
- Sunday will mark my one year anniversary of being back in the gym (stopped when COVID started)
- Finally making (slow) progress on OHP after getting strict about hitting >175g protein a day
- Choked on a sip of water and had a coughing fit while working out next to one of the cutest girls in the gym",20,1745647215.0,56,94
1k8081s,Gym Story Saturday,mp5ompa,"I was at my tiny gym with only a yoga strength older lady using it. We were doing very similar exercises and I found her breathing/meditation between sets to be fascinating.¬†


I also moved up to 40kg on hamstring from 30, when doing 3x10s. I'm finding the last 2-3 reps to be challenging. It's nice to see change over the last 6 weeks (I only get out once a week).¬†


Also surprised the weight is so low, I have big thigs so figured my quads would be stronger.¬†",5,1745680439.0,56,94
1k8081s,Gym Story Saturday,mp8gvii,"Woke up at 7 AM, not really hyped but figured I‚Äôd go anyway.
Got to the gym, saw a few folks already grinding hard (it‚Äôs Saturday, people don‚Äôt joke).
Did a quick warm-up, then tried to get through my sets without dying.
My body was like ‚Äúnah, let‚Äôs chill,‚Äù but my mind pushed a bit more.
Music in my ears helped a lot ‚Äî keeps me going even when I wanna stop.
Saturday‚Äôs not about smashing records, just about showing up.",5,1745713162.0,56,94
1k8081s,Gym Story Saturday,mpdaakf,"This week I achieved something that‚Äôs often underrated:
After constantly pushing and progressing since Covid, I finally listened to my body asking for real rest.
Taking a step back now, so next week I can push for +10%!",5,1745784641.0,56,94
1k8081s,Gym Story Saturday,mpmau3g,"I joined a new gym about eight months ago.
Before that, I‚Äôd been going to several other gyms over the years ‚Äî one for a bit over two years, and the rest for a few months or with day passes while I was moving around. So I‚Äôve been lifting consistently for quite a while.

A few weeks ago, a trainer came up to me in the middle of my set and told me that some members had complained about my sweaty smell.
Now, I know no one smells like flowers and rainbows while working out, but I always wear freshly washed clothes, prep before the gym, and use deodorant.
In all my years of training, no one has ever said anything like that to me. I even asked former gym buddies and people I used to run with in the middle of summer, and they all said I smell completely normal.

I don‚Äôt want to assume the worst, but I‚Äôm starting to feel like this might be a racist thing.
I‚Äôm a foreigner living in a small village, and at this gym, I‚Äôm one of the very few people who lift seriously. Most of the members are older and go more for general mobility than weight training.
It kind of feels like they see me as ‚Äútoo much‚Äù and just want me gone.

Now I‚Äôm considering switching gyms, but the next closest one is in another village, and I‚Äôd have to drive there every time ‚Äî which isn‚Äôt ideal.

Has anyone else experienced something like this?",6,1745908974.0,56,94
1k8081s,Gym Story Saturday,mp727c1,"I *never* go to the gym on the weekends, but after going too ham on Easter, Monday a non-starter (I didn't sleep from having acid reflux) and I didn't want to skip a day. 

So, that changed today.

Why the fuck do so many people bring their young, sticky, gross children to the gym on Saturdays? My gym does not have a daycare. These children are legally unable to hold memberships. Why are they here *touching fucking everything*? Why is there, what appears to be an 8 year old in the men's change room?

Why the fuck am I being exposed to this? 

I actually hate my gym more than I did before, which is a pretty difficult task since I absolutely *loathe* my gym with every fibre of my being. Between the dog-shit machine selection, single set of bumper plates for the entire gym to share, absurd membership fee, and functionally subsidizing a pool I will never use because public pools are fucking gross, I'm literally trying to figure out if I can afford a new house with a garage so I can put a gym in it.

For those of you wondering why I don't go to another gym: I live in a little podunk town and the next closest gym is a ~22 min commute. The fuel cost alone would make it more expensive and require 40 more minutes of my life every day to go since I work from home, so that's a total non-starter.

Anyway, this is a long borderline rant to say some kid literally touched me with a sucker and that is not fucking okay.",12,1745695935.0,56,94
1k7gbxi,Physique Phriday,moyjlfh,"38/M/6'1/170lbs

[Currently 8 weeks out](https://imgur.com/a/dZMmras) from my next natural show. I've done Classic Physique before but I'm thinking of switching over to just Physique as I've never felt that my legs are competitive enough.",16,1745584262.0,40,30
1k7gbxi,Physique Phriday,mp0ylsb,"22/5‚Äô3/135lbs

https://imgur.com/a/X87QcDx

Working out consistently for almost 3 months. Doing an Arnold split. Been loving  the gym a lot lately with seeing results come in. But appreciate any critique, or feedback to help me. Thanks!",10,1745610552.0,40,30
1k7gbxi,Physique Phriday,moyt4rl,"[5'4"" / 139 lbs](https://imgur.com/a/1mtYfHm)

Calling it on my cut, at least for now.  I wanted to get to 10% body fat but my energy levels have plummeted and I'm struggling in the gym.

I'm thinking of going into maintenance for about a month and then deciding whether it's worth trying to finish this cut, or just go back onto a bulk and hopefully do a better cut next time around.

Appreciate any thoughts or feedback.",6,1745587614.0,40,30
1k7gbxi,Physique Phriday,mozeimg,"https://imgur.com/a/IgNVyw5

Both triceps and especially back have been lacking in the training department (only doing jm press for triceps and back training had been a nightmare for a while)

What about them is lacking, what can I improve?

1.5~ years into lifting",6,1745594140.0,40,30
1k7gbxi,Physique Phriday,mp0a8kv,"I (M) Stopped training a month ago after the left photo [here](https://www.reddit.com/u/Sharp-Republic9942/s/69led2BiHX) as life has got in the way. However,  I've adjusted my eating habits and think I'm looking leaner.",4,1745603293.0,40,30
1k7gbxi,Physique Phriday,moy2sbt,"5‚Äô11 with somewhere along 160lbs. Been a skinny boy my whole life. I‚Äôve been going to the gym for the last 2 months. I am starting to understand gymbros who live at the gym. It feels better every workout Now that I can lift heavier comparing to the first day.Been following a full body routine. But feel like arms are lagging.

https://imgur.com/a/QUTkrXG",3,1745576777.0,40,30
1k7gbxi,Physique Phriday,mp1o0gr,"Male/33/5'10/164lbs

I need some guidance if I should quit cutting and move to bulking.

I've worked out for more than a decade but I barely get results. I tried nutrionists and personal trainers but nothing really changed much.

I've been cutting (and counting macros) since December but at this point I don't think my belly is gonna get smaller. It just never seems to go away, so I'm thinking: should I move to bulking? I don't need washboard abs, I would just like my arms and chest to become at least a little muscular.",3,1745618438.0,40,30
1k7gbxi,Physique Phriday,mpjexpn, just hit my first 3 plate squat yesterday and feeling pretty jacked about it! Anyone else notice their quads blowing up before their hamstrings when they started getting serious about leg day??,3,1745870190.0,40,30
1k7gbxi,Physique Phriday,moxygc3,"6‚Äô3 and 195lbs, where do you think I am at? Been lifting for 6 months after previously only doing cardio and then lost focus and gained a ton of weight after getting rabdo. My first plan was to cut to 190, but guessing 185 is likely where I get more definition? 
[https://imgur.com/a/0ISBlpQ](https://imgur.com/a/0ISBlpQ)",2,1745574301.0,40,30
1k7gbxi,Physique Phriday,mpf2kfz,"I would increase the weight amount, and add in pushups , chin ups etc.. do more free weights instead of machines. What gym do you workout at?",1,1745806657.0,40,30
1k7gbxi,Physique Phriday,mpg16ta,Dude epic,1,1745823404.0,40,30
1k7gbxi,Physique Phriday,moyr3rd,"Nothing wrong with asking people to guess your bodyfat and it‚Äôs actually pretty accurate to have someone experienced guess bodyfat percentages versus common methods like the DEXA scan which has a margin of error up to 5%. Most people in this sub don‚Äôt know what bodyfat percentages look like, leading to them estimating inaccurately. Also whenever someone wants their bodyfat estimated, you should post a pic of your legs and back as well. Just showing the front of your torso makes it harder to guess accurately. 

One of the only accurate methods of bodyfat testing is getting an MRI but that‚Äôs very expensive and a doctor isn‚Äôt going to give you one just to see your bodyfat percentage. 

Knowing your bodyfat can help people track progress. Also it can keep your hormones and health in check when trying to optimize for muscle growth",-8,1745586929.0,40,30
1k8zmaw,Victory Sunday,mpaoese,"I finally used a bench in the main room of my gym to do my triceps and biceps, instead of hiding in the small side room.üòÇ",17,1745753058.0,43,49
1k8zmaw,Victory Sunday,mpbtmse,"I got my first gym compliment. I did ten strict pull-ups, not much but one of the regulars I've never spoken to called me over and told me he thought it was incredible. It kinda made me want to try and work towards doing a muscle up. I guess that's the next goal.",14,1745768483.0,43,49
1k8zmaw,Victory Sunday,mpc60nt,"I walked my first half marathon yesterday! I held a 14:10/mile pace and finished in 3 hours and 8 minutes. I usually walk a pace of 14:30-15:30/mile so I‚Äôm really proud of myself for being able to set a personal best, but goddamn it I am sore today.",14,1745772336.0,43,49
1k8zmaw,Victory Sunday,mpaipld,"I ran a 10k today without pain. It wasn't fast or anything, but doing it without my hips, left knee or ankle hurting felt great. I have been doing single leg push exercises lately, and I think that's what's been paying off today.",13,1745749933.0,43,49
1k8zmaw,Victory Sunday,mpam7w6,"I‚Äôm continuing to progress well in squats. I hit the 3rd heaviest squat I‚Äôve ever done and I did it for 4 reps, with multiple reps still left in the tank! 

460lbs for 4: https://www.reddit.com/r/strength_training/s/DkNoFINyk5",12,1745751906.0,43,49
1k8zmaw,Victory Sunday,mpc1pt7,"Joined the 1000 pound club! I wasn't chasing it specifically, just added up my numbers a few weeks ago and saw that I was close. 

I shall reward myself with a T-shirt.",14,1745770984.0,43,49
1k8zmaw,Victory Sunday,mpcjrl8,I noticed my scale has been acting weird the last week or so. Today I realized it's because I'm down to a weight where it gets me confused with another member of the household.,13,1745776412.0,43,49
1k8zmaw,Victory Sunday,mpdcsgd,"Did my first powerlifting meet. Squat: 408, bench 267 (scratched on 277), deadlift: 475. Body weight: 198. Total: 1150",13,1745785407.0,43,49
1k8zmaw,Victory Sunday,mpbplm0,I've slept like shit all week and managed to do okay-ish in the gym.,12,1745767229.0,43,49
1k8zmaw,Victory Sunday,mpah75t,I am once again able to do dumbbell lat raises at 15 pounds on each side for reps for the first time in almost a year. The right shoulder girdle is at about 85-90 percent and I figure I'll be able to start benching heavy and making a run at my all time PR in about 2-3 months.,11,1745749021.0,43,49
1k8zmaw,Victory Sunday,mpesghe,"29 consecutive weeks of getting to the gym at least 4 times per week. This week was a challenge with real life getting in the way, but I just made it, despite really not feeling like going a couple of times.

Discipline > Motivation",11,1745802892.0,43,49
1k8zmaw,Victory Sunday,mpatudz,"After over 10 years in the gym, I got my first compliment from a female gym goer. A trainer at one of the gyms I go to asked if I was a powelifter.  Which may sound flattering but there are a few caveats to this compliment.  First, she is a bodybuilding coach, so she doesn't understand I am nowhere near powerlifting standards for strength.  Second, she is a body building coach who did not mistake me for a body builder.  Not that I train for size, but it would have been nice.  Either way, I shall accept this very small and incorrect compliment.",10,1745755708.0,43,49
1k8zmaw,Victory Sunday,mpbiyca,"Ran a 1:33 at my local half marathon this weekend, which was a big PR for me. I haven‚Äôt been in the weight room as much as I‚Äôd like these last couple of years. I‚Äôm hoping to shift my emphasis to 5k/mile focused training and spend more time in the gym in this upcoming training block. I won‚Äôt be knocking down any lifetime PRs anytime soon, but it would be nice to throw some heavier weights around again while maintaining my speed/aerobic fitness.",9,1745765124.0,43,49
1k8zmaw,Victory Sunday,mpbtfu0,"Oh my gosh. I just pulled on a pair of skinny jeans I haven't worn since college, back when I was starving myself and 30 lbs lighter. Not only do they fit, but they're loose.

Also: I can't fit my arms through the holes in my old blouses lol.",10,1745768424.0,43,49
1k8zmaw,Victory Sunday,mpc4qcs,"Had a pleasant conversation with a relatively new (to me) member at my gym. We talked for like 10 minutes. As someone who never gets approached, this was a victory for me. It felt really nice (: hopefully I‚Äôll see them again this week.",11,1745771936.0,43,49
1k8zmaw,Victory Sunday,mparrzu,On a business trip overseas and got out and ran my usual 4+ miles around a nice lake in the area.  A bit cold and breezy but worth getting out.,9,1745754739.0,43,49
1k8zmaw,Victory Sunday,mpataio,"Going into the last week of my current run through SBS RTF with hypertrophy progression for accessories. And was just looking at how my TMs had changed while prepping a new spreadsheet.

Squat has gone from 100kg to 112 which, given I was being really conservative with Amrap sets due to a doggy knee, I‚Äôm ok with. OHP has gone from 42.5 -> 51. Deadlift has gone from 115 -> 137.

Bench, on the other hand has only gone from 75kg to 79. Though given that starting TM was based off  a sketchy single I did on my rest week before starting, and given I‚Äôve lost around 7kg across the program I‚Äôm not gonna lose too much sleep over that.

I‚Äôve also started going bodyweight chins and dips which I‚Äôve never been able to do before. So calling that a successful run through.",10,1745755452.0,43,49
1k8zmaw,Victory Sunday,mpc4gts,Last week I hit 230 lb bench PR and this week I hit 235 lbs. Going to ride the high and try for 240 this week.,7,1745771852.0,43,49
1k8zmaw,Victory Sunday,mpd207l,"11 weeks straight without missing a day. I also successfully swapped all sweets for fruit this past week which has really helped me stay under cals while still getting plenty of protein. Every time my diet or routine has failed in the past it's been due to binging on sweets, so if I can learn to love fruit instead that should make this so much easier. I feel locked the fuck in.¬†",9,1745782055.0,43,49
1k8zmaw,Victory Sunday,mpfdd2r,"Last Tuesday was 365 days without a rest day.

I don't know what got me into not doing rest days, but I don't. I do some light days, and I do deload weeks regularly. That works for me.",9,1745811018.0,43,49
1k9pgbf,Moronic Monday - Your weekly stupid questions thread,mpg1u2q,"# Post Form Checks as replies to this comment

### For best results, please follow the **[Form Check Guidelines](https://www.reddit.com/r/Fitness/wiki/posting_guidelines#wiki_how_to_post_a_form_check)**.  *Help us help you.*

----


*I am a bot, and this action was performed automatically. Please [contact the moderators of this subreddit](/message/compose/?to=/r/Fitness) if you have any questions or concerns.*",1,1745823809.0,26,293
1k9pgbf,Moronic Monday - Your weekly stupid questions thread,mpgijf7,"Took a 3 week break, came back and could barely do 8 reps on 100kg squat. Before that I could do 6 reps on 120kg squat. Is normal to lose this much strength?",6,1745834644.0,26,293
1k9pgbf,Moronic Monday - Your weekly stupid questions thread,mpggmpe,[deleted],3,1745833476.0,26,293
1k9pgbf,Moronic Monday - Your weekly stupid questions thread,mpl8cqb,"If I‚Äôm not eating a lot of meat rn would protein shakes and powders (like Muscle Milk) be a good way to supplement my protein intake?

Also what are some good high calories, high protein foods that aren‚Äôt meat. Stuff I can make into a meal easily but that isn‚Äôt super processed. I eat a lot of rice, quinoa, couscous, nuts and nut butters. Been meaning to get more Avacados.",3,1745892048.0,26,293
1k9pgbf,Moronic Monday - Your weekly stupid questions thread,mpirxvd,"How can I stop myself quitting when working out? Sometimes if I'm having a bad day, my inner critic is really loud in my head. It will say things like ""you're useless , this is pointless, you're always gonna be fat, you should quit etc"".  Sometimes, I can power through and finish the workout, but on days like today , I just quit. This really frustrates me. Does anyone else experience this, how can you overcome it?",3,1745863263.0,26,293
1k9pgbf,Moronic Monday - Your weekly stupid questions thread,mpgb4om,[removed],2,1745829874.0,26,293
1k9pgbf,Moronic Monday - Your weekly stupid questions thread,mpgn10f,"I used to be a dancer but now I'm older, much more sedentary and lose my breath halfway through a routine. I have a competition in about a month or two (dates not confirmed yet) and I'm wondering what kind of cardio/other workout I could do until then to help me build endurance? Stupid question because I know better than to expect miraculous results from a few weeks of workout but I'm hoping there's at least something that'll get me more used to being active lmao",2,1745837203.0,26,293
1k9pgbf,Moronic Monday - Your weekly stupid questions thread,mphneu3,"Has anyone tried/had any success with an alternating A/B/A/B split? Won‚Äôt have as much time to work out soon as I‚Äôm moving and thought the flexibility might be nice for me to not have a set 3/4/5 days required per week. Would be good to be able to work out two days in a row if I‚Äôm able (hence not full body)

I was thinking of structuring it for example as A = Push, B = Pull with some leg accessories tacked on both days. I‚Äôm sure it‚Äôs not optimal but if anyone‚Äôs tried it with success it‚Äôd be great to find out what worked/didnt. Also if there‚Äôs any popular established ones I can borrow from",2,1745851287.0,26,293
1k9pgbf,Moronic Monday - Your weekly stupid questions thread,mpi77pw,"31M here. Want to stay flexible and limber, but also be strong. Wondering what kind of fitness I should engage in. BJJ? Yoga? Other?",2,1745857244.0,26,293
1k9pgbf,Moronic Monday - Your weekly stupid questions thread,mpixukl,"Is 1g per 1lb of body weight mandatory on a deficit or just a myth? I‚Äôve read contradicting studies at 0.7g is minimum and anything above that is just ‚Äúwasted benefit‚Äù 

I‚Äôm just trying to get down 8-10lbs, I want to minimize muscle loss as much as possible as I seep into the lower body fat levels.
Current weight is 178.8, goal weight is 170lb, I‚Äôm eating about 170g a day (which is my goal weight) but damn is it costly.",2,1745865027.0,26,293
1k9pgbf,Moronic Monday - Your weekly stupid questions thread,mpjkg1c,Thanks I'll keep trying to show up everyday. I'm training 5/6 days just pure cardio.I'm doing about an hour a day.  I'm 100kg and would like to lose some weight before looking at strength training (I'm not sure if  this is the right approach).,2,1745871840.0,26,293
1k9pgbf,Moronic Monday - Your weekly stupid questions thread,mpk6rv2,"Just got a Peloton bike. I am 40 and my baseline fitness is not good. I completed the beginner 20 minute workout and by the end of it, I had spent 15 minutes in Zone 5, and most of that close to my max HR. However, \*\*I did keep up.\*\* I took the high end of the suggested resistance and i kept the cadence.

I don't want to kill myself, but what is the best/fastest way to build up my endurance? My goal is to be running 10-minute outdoor miles ASAP. (Note- I'm not overweight. BMI 21.8-22. I am just horrifically deconditioned.)",2,1745878986.0,26,293
1k9pgbf,Moronic Monday - Your weekly stupid questions thread,mpkd47m,"The row/rear delt machine at my gym has a vertical and two horizontal hand grips. They all have the rubberized hand grip coating. Which one do I hold? Do the different grips work different muscles? If so, which ones and how? The little picture of ""how to use this machine"" isn't descriptive enough.",2,1745881150.0,26,293
1k9pgbf,Moronic Monday - Your weekly stupid questions thread,mpqo41s,"my gym weights are progressing, but i don't get bigger. i am bulking from 8% bf",2,1745965503.0,26,293
1k9pgbf,Moronic Monday - Your weekly stupid questions thread,mpgqr4q,I just saw an ad for a program Jeff Nippard is selling‚Ä¶ am I about to waste my money lol,2,1745839089.0,26,293
1k9pgbf,Moronic Monday - Your weekly stupid questions thread,mpin37d,"Is there a difference between strength and athletic vs strength and aesthetic? If so, what are some plans for someone who has a job that requires 30 minutes of 100% effort? Talking dragging 250lb dummies, carrying heavy things on ladders, etc. My cardio is fine, but it's my muscles that get all shaky if I'm not done that burst within the first 15 mins or so.",2,1745861869.0,26,293
1k9pgbf,Moronic Monday - Your weekly stupid questions thread,mpiqr6g,"Recently, I've learned the emphasis of using different exercises to hit different parts of a muscle in your workout. For example, chest, using different cable positions to target upper, mid, lower. Then from there structuring my workout around targeting each part without overdoing it. 

But I feel like I'm overthinking over-targeting a muscle when planning a workout. Is there any kind of template regarding how to structure your own workout?",2,1745862921.0,26,293
1k9pgbf,Moronic Monday - Your weekly stupid questions thread,mpga6gm,[removed],1,1745829246.0,26,293
1k9pgbf,Moronic Monday - Your weekly stupid questions thread,mpgbz0t,Do fitness trampolines actually get you fit or is it just mindless jumping around. I can't go to the gym so I was thinking of buying one,1,1745830431.0,26,293
1k9pgbf,Moronic Monday - Your weekly stupid questions thread,mpgfw8s,[removed],1,1745833010.0,26,293
1k6nlot,"Daily Simple Questions Thread - April 24, 2025",morar6e,"# Post Form Checks as replies to this comment

### For best results, please follow the **[Form Check Guidelines](https://www.reddit.com/r/Fitness/wiki/posting_guidelines#wiki_how_to_post_a_form_check)**.  *Help us help you.*

----


*I am a bot, and this action was performed automatically. Please [contact the moderators of this subreddit](/message/compose/?to=/r/Fitness) if you have any questions or concerns.*",1,1745485255.0,23,196
1k6nlot,"Daily Simple Questions Thread - April 24, 2025",moshsf9,Recently shifted to a higher weight for lat pulldown. Can do it in 10-12 rep range but my forearms feel a bit stretched after it. Have been going to the gym for 3 months. Normal or am I missing something?,2,1745503640.0,23,196
1k6nlot,"Daily Simple Questions Thread - April 24, 2025",mosn5l6,"Is there a kind of training that combines weights and cardio? For example, high-speed squats and deadlifts. Using a lower weight and focusing on increasing the speed. Or pull-ups 10 in 15 seconds. If I use low weight and do this to avoidi injury, what will be the benefits? Will I get any bigger and stronger or just faster?",2,1745505235.0,23,196
1k6nlot,"Daily Simple Questions Thread - April 24, 2025",mot48ea,"Building quads without squats / lunges? 

I‚Äôve got osteoarthritis. Ortho says I can do whatever pain, etc allows.  Im not going to make it worse, it‚Äôs about pain management until it‚Äôs replaced. He said I probably should avoid deep knee bend activity however because it‚Äôs not going to feel good - he‚Äôs correct. If I do push the depth past 90¬∞ really, my knee swells up for a couple of days. So‚Ä¶ that‚Äôs out. For now, I‚Äôm just walking  and the peloton bike. Any other suggestions to work lower body? Will cranking the resistance up on the bike do it?",2,1745510137.0,23,196
1k6nlot,"Daily Simple Questions Thread - April 24, 2025",moub3jp,How do you guys find macros? Whenever I look up the macros for anything I always get wildly different answers. For example 1lb of raw boneless skinless chicken breast I get a different answer each time,2,1745522311.0,23,196
1k6nlot,"Daily Simple Questions Thread - April 24, 2025",mow411v,[removed],2,1745543025.0,23,196
1k6nlot,"Daily Simple Questions Thread - April 24, 2025",mowvc35,[removed],2,1745552680.0,23,196
1k6nlot,"Daily Simple Questions Thread - April 24, 2025",morlg6s,"What would hit triceps better? A compound movement like dumbbell or barbell bench, or an iso like skull crushers? I know one takes way more energy due to it being compound and all",1,1745491407.0,23,196
1k6nlot,"Daily Simple Questions Thread - April 24, 2025",mos2bso,[removed],1,1745498508.0,23,196
1k6nlot,"Daily Simple Questions Thread - April 24, 2025",mos2wky,"I have horrible blisters on the bottom of my feet from going on an impromptu lunch walk at work, in my work shoes. (I learned my lesson, I‚Äôll be bringing sneakers to keep in the office). 

The blisters will take 5-7 days to heal but I‚Äôm itching to get some cardio in. I tend to fall off the wagon if I don‚Äôt work out for a week. 

I did low intensity mat work this morning (core, hip mobility, etc) but want to still get some higher intensity exercises in. 

Are there any higher intensity exercises that don‚Äôt require too much weight to be placed on your feet?",1,1745498716.0,23,196
1k6nlot,"Daily Simple Questions Thread - April 24, 2025",moskywt,"I‚Äôve been working out for about 2 months now, always been pretty skinny fat with pretty low muscle mass, and I think my chest is a lot weaker than my back (at 5x5 90lb bench and 125lb row currently).

I had a chest operation when I was 1 (now 30 so a long time ago lmao) , not sure if that could be a reason although I‚Äôve heard this can be common for beginners, with the back being stronger? My chest is something I‚Äôd love to tone up and focus on though. I stalled on my linear progression last week with my bench (but managed to finish the sets this week. Not stalled on bench yet).

I‚Äôm currently doing Metallicdpa‚Äôs PPL, is it worth subbing out 1x lateral raise set for some chest flys to increase chest volume? Or I could just do them as an extra 3 sets after everything? Not struggling with volume currently. 

Extra side question, are rear delt reverse flys best done low weight high reps eg 14-20? Doing 4 sets currently per pull day",1,1745504588.0,23,196
1k6nlot,"Daily Simple Questions Thread - April 24, 2025",moss6zu,[removed],1,1745506704.0,23,196
1k6nlot,"Daily Simple Questions Thread - April 24, 2025",mosy9la,When doing dumbbell skullcrushers I find it‚Äôs more comfortable to place my feet up flat on the bench instead of planted on the floor. Does anyone else do this/is there a reason I shouldn‚Äôt? I work out at home so no worries about getting a shared bench dirty.,1,1745508451.0,23,196
1k6nlot,"Daily Simple Questions Thread - April 24, 2025",mou8krb,"Under Which Activity do I Fall

Hey everyone! I‚Äôm trying to accurately calculate my TDEE and would love some input on what activity level I fall under. Here‚Äôs what I currently do:

I walk 15,000 steps a day, mostly on a treadmill at 6‚Äì6.4 km/h (about 1.5 hours), with around 3,000 steps coming from general movement at home.

I do 3 strength training sessions per week, each lasting around 1.5 hours.

I also do 1 Pilates session per week (40‚Äì60 minutes, full-body).

All my workouts are done at home using dumbbells, a barbell, glute bands, and a mat.


Little or no exercise

Exercise 1-3 times/week

Exercise 4-5 times/week

Daily exercise or intense exercise 4 times/week

Intense exercise 6-7 times/week

Very intense exercise daily, or physical job",1,1745521564.0,23,196
1k6nlot,"Daily Simple Questions Thread - April 24, 2025",mouiaiw,"At what point does too much protein actually become detrimental to your health? 

So a little bit of context. I‚Äôm a very low muscle %, underweight, early 20s man. I‚Äôve literally just started actually doing in depth with meal planning, fitness etc after years of neglect. And I‚Äôm trying to plan some meals, supplements, meal replacement to try help my diet. I‚Äôm just wondering if eating too much protein will actually be a detriment to building healthy weight / muscle mass. How does one know the right amount to plan into their daily intake?

This may seem like a dumb question but to someone extremely new to fitness and nutrition it‚Äôs got me a little worried as to if I actually plan too much into my diet to the point it is a detriment to my health.

Any advice and comments are extremely appreciated!",1,1745524460.0,23,196
1k6nlot,"Daily Simple Questions Thread - April 24, 2025",moujiu8,So concerning breathing and bracing- I've watched a few videos and the one thing I haven't seen addressed yet- what do you do if you cannot hold your breath for your entire set? When do you reset your breathing and bracing midset? Mostly looking at this from a squatting perspective.,1,1745524822.0,23,196
1k6nlot,"Daily Simple Questions Thread - April 24, 2025",moukgsv,[deleted],1,1745525100.0,23,196
1k6nlot,"Daily Simple Questions Thread - April 24, 2025",moupyrc,[removed],1,1745526716.0,23,196
1k6nlot,"Daily Simple Questions Thread - April 24, 2025",mour6hh," Why do my pullup sets look like this and is it fine?? (Should I continue doing this)?
I am going to failure in every set by the way 


1st set: 6 reps

2nd: 5 reps

3rd: hardly 3 reps

4th: hardly 2 reps",1,1745527072.0,23,196
1k6nlot,"Daily Simple Questions Thread - April 24, 2025",mousm14,[removed],1,1745527491.0,23,196
1kbbwff,Rant Wednesday,mpt6nb8,"Two things: people with no gym etiquette! Re-rack your friggin weights ü§¨

My personal hell: When you have a day when everything thing feels heavier than usual, but the following week, you‚Äôre back to normal. Weights, stop playing with my emotions üòÖ",16,1746004102.0,22,80
1kbbwff,Rant Wednesday,mptt5ar,Not the summer body people invading my gym I thought the planet fitness that opened nearby would've poached those people but alas.,9,1746015527.0,22,80
1kbbwff,Rant Wednesday,mptb507,"Sunday I was a able to do 24s on incline bench, yesterday no go. I did get a very kind offer from a guy to help(thank you random strong stranger!) Guess I needed a longer rest. I was just excited and needed to calm my butt down",7,1746006939.0,22,80
1kbbwff,Rant Wednesday,mpttjg4,"Running and lifting is so hard to combine sometimes.

Now during spring and summer I am cranking up milage (right now around 30-40km per week over 3 sessions) and have significant reduced lifting volume (4 times a week, with only 12 working sets in a session).

Still having a hard time recovering enough, especially from the long runs.

Skipped an upper body session today because my body was telling me to.",6,1746015677.0,22,80
1kbbwff,Rant Wednesday,mptuxmq,"People should stop bringing benches over to the lifting platforms if it's only to sit down between sets.

All the benches will be used up at the free weights, and some schmuck will be sitting on a bench at the lifting platforms between deadlifts.

And if they leave the bench at the lifting platform.... I hope the dankest protien farts find you.",11,1746016205.0,22,80
1kbbwff,Rant Wednesday,mptv3kt,These damn bumper plates that I bought were covered in oil and even after wiping them down with degreaser they're still slick. Everything in my home gym is now slippery. Guess I'll be doing a deep clean this weekend.,6,1746016267.0,22,80
1kbbwff,Rant Wednesday,mpu9ciy,"I've had a rough day and in the middle of that rough day and a migraine I decided to go to the gym because I haven't gone to the gym ever since coming back from a trip (illness/fatigue) but there's this girl who always... ALWAYS sings at the top of her lungs when she's working out. She has headphones on and she pretends not to see anyone else except her boyfriend at the gym. 

I had enough sense to leave because if I stayed it would've ended in a fight.",5,1746021138.0,22,80
1kbbwff,Rant Wednesday,mpuj612,"I had a delicious Korean fried chicken sandwich yesterday. The problem was I had it just before going to the gym. I was burping nasty kimchee burps the whole time, and while my lifts were fine, cardio was hell.¬†",5,1746024141.0,22,80
1kbbwff,Rant Wednesday,mptbzup,"Feel like I've finally hit a wall with working out. I'm down 85 pounds in the last 3-4 years. And have been running for three of those and lifting for 1.5 years.

I've been training for a 5k and trying to keep my lifting progress the same and I'm just dead. So exhausted. Realized a week ago I've been keeping my energy levels up by drinking double the daily recommended amount of caffeine a day and dropped my intake to nothing. Now just kinda walking around tired nonstop. Motivation done for the most part.

On top of it I've been having ridiculously bad adductor DOMS after my squat days to the point where I can barely walk the next two days and yep, that's fucking up my 5k training too.

I love the changes I've seen over the last couple of years. Love lifting and running, but I feel like such a moron for letting myself get to this rundown point. Going to see my Trainer today to try and figure out a lighter training program and I feel like such a failure (which I realize is ridiculous). But after this amount of time of nonstop gains it's just frustrating. Hate how much time I spend thinking about my diet and working out when I still have love handles. Hate that I feel like a loser because I'm thinking about stopping Barbell squats to avoid that pain.

Funny thing is I'm a fucking therapist and realize all of this is just in my head and shit I can change.

But building up those habits in the first place of gym, diet etc takes so much mental energy and discipline. Now that I'm not seeing instant positive feedback in my look/lifts my brain just goes straight to failure. 

Weird long rant/vent. Goddamn",5,1746007444.0,22,80
1kbbwff,Rant Wednesday,mptgzu5,"Stupid shoulder acting up for God knows what reason...I'd be okay with it hurting if I knew what did it, but when I'm not doing anything I don't normally do it's annoying.

At least it's *starting* to feel better.",5,1746010201.0,22,80
1kbbwff,Rant Wednesday,mptqnez,"The deadlift platform is wonky! It's about 6 inches from the wall one side and about a foot from the wall the other side. So when you stand in front of the mirror you can either look at the mirror/wall slanted on, or the barbell is slanted on the raised platform",5,1746014535.0,22,80
1kbbwff,Rant Wednesday,mpu70tv,"All this week I've been planning to go to gym but every time I stood up and went to the gym, there was always something pulled me back, which were, my colleagues ask me to go back to office 'cause there was something amiss with the work. I am literally screaming!!!!",4,1746020388.0,22,80
1kbbwff,Rant Wednesday,mptutok,"Not me doing full-depth squats with sheer leggings and a colorful thong showing. My friend told me *after* the set, and I nearly choked on my water. Mortifying. I covered my butt with a hoodie the rest of the workout like it was armor.",8,1746016164.0,22,80
1kbbwff,Rant Wednesday,mptrjrs,"My SI joint is giving me trouble again 

Last morning, I wasn‚Äôt able to do my deadlift warmups 

I was able to loosen it up and by the afternoon, I did my normal workout (which included 500lbs for 4 at RPE 7.5: https://imgur.com/a/plgP9nx ). However, not being 100% sure when my left hip/back is good to lift is not good for scheduling workouts 

I‚Äôm getting some massage work done this morning, so hopefully that helps",5,1746014898.0,22,80
1kbbwff,Rant Wednesday,mptswp2,"My knee is trash. I have an old running injury that kept me from walking without an orthopedic brace, and I had to do intense rehab/physical therapy to get it where I could walk pain free. It's actually what got me into lifting. Most days, my knee is fine, but sometimes, when the weather is colder than normal, or it's about to rain, my knee hurts like a motherfucker. So this morning I was supposed to squat, but my knee was throbbing so bad, I had to pull out my old brace. And it's not just a normal brace/knee sleeve, it's a full on reinforced-with-steel-rods medical brace. There's a hinge, so I can sit and bend it, but I have to strap it on over my pant leg.

No real story, just more annoyed more than anything",4,1746015435.0,22,80
1kbbwff,Rant Wednesday,mptyvo5,"The fact that although my Leg Extensions, Calf Press, Leg Curl, Hip Abductions and Adductions and Bulgarian Split Squats have shown steady progress month by month for the last 2 years (which is how long I've been going to the gym), my Leg Press and Hack Squat have gone down so much I'm actually (no exaggeration) using LESS weight than my FIRST MONTH TWO YEARS AGO.  Infact, I physically can't even do one rep of what I used to do 4x10 on the leg press.

Everything else has improved, both upper and lower.",4,1746017623.0,22,80
1kbbwff,Rant Wednesday,mpu0w7w,"Fucking hate Olympic weightlifting, takes months of training volume to earn an attempt for a snatch PR and even then the chance of getting a new PR is so low it's depressing, because my technique changes with the wind.

At least with the squat bench and deadlift I could just mindlessly train hard on random programs downloaded from the web, fuck everything up including sleep, nutrition and training and still PR at the end if I trained hard enough. It's so hard to care about a squat bench deadlift PR though after I've experienced the euphoria of a snatch PR so it's impossible to stop chasing the light at the end of the tunnel.

At least with bodybuilding training I had abs and women said I looked ""good"", now there's only a third of the time left each day for bodybuilding (but I have to use it for training my abs and lower back), I have a dad bod, skinnier arms, thicker legs and back with a massive ass, and somehow all that time I sacrificed each day from normal bodybuilding training is just not translating into any snatch PR's even though I am putting more effort in than ever.

Just fuck olympic weightlifting - I wish it wasn't such a skill based sport.",4,1746018326.0,22,80
1kbbwff,Rant Wednesday,mpurzj1,"Cutting while your partner enjoys whatever they want is way harder than I thought it would be. I‚Äôm over here with my strict meal plan, measuring out every ounce of chicken, while they‚Äôre casually munching on pizza or fries like it‚Äôs no big deal. The temptation is REAL. Every meal feels like a test of willpower. It‚Äôs not that I want to ruin their fun, but sometimes I swear, I can practically taste their food from across the room.",1,1746026711.0,22,80
1kbbwff,Rant Wednesday,mpta8ey,"I was on vacation in San Diego. I was originally going to use those days as rest days to nurse a nagging shoulder. 

But on day two I couldn't take it and looked for a local gym. 

After reviewing a dozen gyms online, all with photos of women on yoga mats, photos of the view surrounding the building, ""wellness"" promoted everywhere, I finally came across a gym named War House. 

I bought the day pass and hit the gym. 

This gym was amazing, nothing like it around my area. The vibe was on point. The equipment was amazing, especially the handcrafted pieces. It was just amazing. 

It was so awesome, I went back the day I was leaving because I just had to go again. 

Now that I'm back home, my normal gym just doesn't hit the same as War House. Back to waiting for equipment being used by 80 year old men and women doing their 0 ROM thing they do. 

I know I know, I'm suppose to be happy and supportive, and really, good for them,  but damnit I got shit to do and they ain't doing shit. 

All that being said, fuck I miss that gym. Mine just ain't the same anymore after that experience.",9,1746006390.0,22,80
1kbbwff,Rant Wednesday,mptzqxb,"Gym newbies - stop making shit up. You don‚Äôt need to stand on a soft box to then do a glute lunge while holding the cable pull-down (pls explain the physics bro)

You don‚Äôt need to balance a soft box on a bench in the squat rack to support your wrist workout (?!?) - you have greater issues.

You don‚Äôt need to do a one legged squat in the smith machine standing on a bench. Just do lunges or squats. Like everyone else.

Just ask someone who knows what they are doing to help you hit the body part, and stop taking up space on machines that could otherwise be used properly. 

You are going to get injured and it will be your fault for being a silly goose.",11,1746017924.0,22,80
1kajf91,"Daily Simple Questions Thread - April 29, 2025",mpmo15s,"# Post Form Checks as replies to this comment

### For best results, please follow the **[Form Check Guidelines](https://www.reddit.com/r/Fitness/wiki/posting_guidelines#wiki_how_to_post_a_form_check)**.  *Help us help you.*

----


*I am a bot, and this action was performed automatically. Please [contact the moderators of this subreddit](/message/compose/?to=/r/Fitness) if you have any questions or concerns.*",1,1745917320.0,17,167
1kajf91,"Daily Simple Questions Thread - April 29, 2025",mpq64c3,"I will soon start calorie counting. I ALWAYS eat the same meal for breakfast, been like this all my life.

Does that make things easier? I.e., just literally calculate the macros and calories of my breakfast and reduce it from the goal and then I only have to worry about the remaining macros/calories?",4,1745959935.0,17,167
1kajf91,"Daily Simple Questions Thread - April 29, 2025",mpnuqso,"How do you guys deal with days where you‚Äôre just not on it? Just feeling low energy, not up to usual level. Do you reduce volume or just power through it? In general but particularly when on a calorie deficit",3,1745935888.0,17,167
1kajf91,"Daily Simple Questions Thread - April 29, 2025",mpo57b6,"Form check on deadlift please: [https://streamable.com/c5fboo](https://streamable.com/c5fboo)

This is 3\*265lbs, which is 90% of my TM or 80% of my estimated 1RM. Currently doing 531 for beginners program. My lower back has been sore recently so im checking for any rounding, hip height, etc. Thank you",3,1745938999.0,17,167
1kajf91,"Daily Simple Questions Thread - April 29, 2025",mpn7vqf,[removed],2,1745927840.0,17,167
1kajf91,"Daily Simple Questions Thread - April 29, 2025",mpswd75,"Do people with a sixpack hold in/tense up their stomach to a small degree all the time? I have a sixpack and 10% fat according to my scale, but I can still let my belly hang loose. Is this normal? And what is the proper technique for this? Because I think it looks better when I tense it up in certain ways, but then I also feel like it takes too much effort to do all the time.",2,1745997492.0,17,167
1kajf91,"Daily Simple Questions Thread - April 29, 2025",mpmovz5,"I'm running metallicdpa ppl which says 5x5 on flat bench each session. Going up by 2.5kg on each push day.
Recently I decided to prioritize Smith incline over the flat bench. Should I still be running the same increases per session as long as I can do 5x5? Incline bench is meant to be sightly harder than flat? 

I'm about 8 weeks into lifting now.",1,1745917880.0,17,167
1kajf91,"Daily Simple Questions Thread - April 29, 2025",mpn5lvz,[removed],1,1745926882.0,17,167
1kajf91,"Daily Simple Questions Thread - April 29, 2025",mpn9f4w,Q: Why are people twisting palms from overhand to underhand grip on ring pull ups ?,1,1745928476.0,17,167
1kajf91,"Daily Simple Questions Thread - April 29, 2025",mpnag6y,"Hey, I'm looking to get into the gym again after a couple years, I'm still pretty green and I don't know it all so I won't be offended if you try point out the obvious! I'm 19, I weigh about 180 pounds (82kg) 177cm tall. I plan on doing cardio on the way there and back which is about 5 miles total then strength exercises in the gym everyday of the week for the next few weeks.

My question is, would this be over-doing it for a beginner? Or is it a matter of mental fortitude and plodding on no matter what?

EDIT: I should have probably formatted this a bit better but I do plan on looking at some routines and continuing the gym even after a few weeks, just certain circumstances aren't allowing it. I also know that 7 days is overkill and that the body needs rest but I believe it could help build discipline and wont cause any major problems considering its for a few weeks max.",1,1745928883.0,17,167
1kajf91,"Daily Simple Questions Thread - April 29, 2025",mpnier7,"Fairly new to upper body workouts (~8 months), and I've noticed something. No matter what variation of rows (seated, standing, dumbell, barbell, support, cable machine etc.), beyond very low weights I start struggling after about 5 reps.

Thing is, that 5 rep number is consistent over a 20kg range. Lower weights feel easier, but the range of motion I get falls apart at just about the same time nonetheless.

Of course everyone is different, and I'm generally trying to move up in weight once I get to the 12 rep range, but I'm just curious if what I've noticed is indicative of anything in particular",1,1745931835.0,17,167
1kajf91,"Daily Simple Questions Thread - April 29, 2025",mpnqt3y,[removed],1,1745934651.0,17,167
1kajf91,"Daily Simple Questions Thread - April 29, 2025",mpnuvx7,"There's a leg press machine in the gym which shows that it trains quads, hamstrings and glutes.

I've never used a leg press machine, not sure if I ever will, but I'm curious:

It doesn't actually train the hamstrings, right? I assume it's mostly quad training and some glutes involved, but hamstrings would be a bit of a stretch, right?

Otherwise it kind of sounds like a bit too good to be true. A simple machine exercise that trains the full lower body (except the calves, who cares), hmm, not sure about that.",1,1745935931.0,17,167
1kajf91,"Daily Simple Questions Thread - April 29, 2025",mpokefm,How do I do seated curls without bumping into my thighs/cheeks. I‚Äôm having to kinda swing out of the way to get past them. I‚Äôm holding the db at one end to give me some more space but I‚Äôm still hitting them.,1,1745943439.0,17,167
1kajf91,"Daily Simple Questions Thread - April 29, 2025",mpomwp3,[removed],1,1745944172.0,17,167
1kajf91,"Daily Simple Questions Thread - April 29, 2025",mpozin8,Is there any benefit to paying attention to heart rate zones that are based off a percentage of your max heart rate? I keep seeing heart rate zones are only accurate if you get them tested in a lab,1,1745947755.0,17,167
1kajf91,"Daily Simple Questions Thread - April 29, 2025",mpp7pkz,"If a power rack says the weight crutch has a max weight of 310 lbs, does that mean 310 lbs each side ie a 620 lb barbell?",1,1745950046.0,17,167
1kajf91,"Daily Simple Questions Thread - April 29, 2025",mppiydj,How often do you switch up your routine and is it necessary to cycle routines for continued progress or is it more a matter of managing progression methods and deload weeks?,1,1745953302.0,17,167
1kajf91,"Daily Simple Questions Thread - April 29, 2025",mpqge15,[removed],1,1745963009.0,17,167
1kajf91,"Daily Simple Questions Thread - April 29, 2025",mpqnen0,"Why is it that I‚Äôll go from being able to bar squat to suddenly not be being to, and repeat it? Like I went from being able to do 105 lbs, then when I took a break (like 1 month) from them, I suddenly struggled to do the bar. Then it took me a moment to get back up to 85 pounds. I took another break (like 3 weeks ish) and suddenly I couldn‚Äôt do it no more.

Why could this be happening and how do I stop this?",1,1745965268.0,17,167
1k7gc2m,"Daily Simple Questions Thread - April 25, 2025",moxu7kc,"# Post Form Checks as replies to this comment

### For best results, please follow the **[Form Check Guidelines](https://www.reddit.com/r/Fitness/wiki/posting_guidelines#wiki_how_to_post_a_form_check)**.  *Help us help you.*

----


*I am a bot, and this action was performed automatically. Please [contact the moderators of this subreddit](/message/compose/?to=/r/Fitness) if you have any questions or concerns.*",1,1745571656.0,15,261
1k7gc2m,"Daily Simple Questions Thread - April 25, 2025",moxumhi,"Do your knees make noises when you squat?

Also how good is resistance training squatting (i.e. with the bar and weights on it) for knee longevity?

=

Are there any gym exercises that are especially good or especially bad for certain joints?",3,1745571919.0,15,261
1k7gc2m,"Daily Simple Questions Thread - April 25, 2025",moyt24y,"will 80gm of protein help me build a decent amount of muscle (im 75kgs/165lbs)? i know its not optimal, but i can get 80gm consistently and 100+ some days",2,1745587589.0,15,261
1k7gc2m,"Daily Simple Questions Thread - April 25, 2025",mp1bljy,Is 5/3/1 BBB good/enough volume? I run it 3 days a week and stretch it out like suggested in the book.,2,1745614500.0,15,261
1k7gc2m,"Daily Simple Questions Thread - April 25, 2025",mp2f1q8,"I have a question. I used to be very fit but 1.5 years ago I went through a bad surgery that impacted my life and developed autoimmune hyperthyroidism, couldn‚Äôt exercise of 1.5 years. I gained 10 kilos mostly cause of the eating, lack of movement, hormones all over the place.

Surprisingly my muscle mass is still good but not feeling as strong, my cardio is not as good either but I started running a couple of weeks ago and I can do a 5-6 KM jog so I guess working out for 8 years before diligently didn‚Äôt go to waste. Wondering if anyone has any advice on how I can shed this weight in a healthy and timely way. Was thinking I sign up for a marathon and push myself to run 4 times a week, and do one full body workout to maintain my muscles, while also trying to fix my food, with hyperthyroid I was always hungry and eating too much. Now I‚Äôm on meds to things are slowing down and my heart rate is lower again.

Any thoughts on my strategy?",2,1745627712.0,15,261
1k7gc2m,"Daily Simple Questions Thread - April 25, 2025",mp2mg4u,"I know alcohol stunts muscle growth, but how much can it really negate my today's workout if then I went out and partied tonight?",2,1745630374.0,15,261
1k7gc2m,"Daily Simple Questions Thread - April 25, 2025",mp43h4l,[removed],2,1745654615.0,15,261
1k7gc2m,"Daily Simple Questions Thread - April 25, 2025",moya788,"How useful is running up stairs for HIIT?

My apartment building is 8 stories tall, and if I go all out I can run up those stairs in about 40 seconds. So I figured I could turn this into interval training: 40 seconds of all out effort, 2 minutes of recovery (walking back down), repeat

Second question: can I just spread this throughout my day? I work from home a lot, and I figured I could just do 3 intervals every couple of hours whenever I take a break from working. I could easily achieve a dozen intervals a day that way, Or is it better to do all of those intervals in one go?",2,1745580426.0,15,261
1k7gc2m,"Daily Simple Questions Thread - April 25, 2025",moy3d4j,[deleted],1,1745577092.0,15,261
1k7gc2m,"Daily Simple Questions Thread - April 25, 2025",moy5ckj,"Would doing dumbbell variants of the lifts I'm having difficulty with help me doing them? E.G, dumbbell shoulder presses for barbell shoulder presses.",1,1745578128.0,15,261
1k7gc2m,"Daily Simple Questions Thread - April 25, 2025",moyip8i,[removed],1,1745583918.0,15,261
1k7gc2m,"Daily Simple Questions Thread - April 25, 2025",moz1v31,"I'm having sort of a mental block in regards to fatigue/progression. I thought I was hardstuck and couldn't make progress and somehow that prevented me from adding weight to my exercises for about three whole weeks. Then for some reason I decided to increase the load one day and, to my surprise, it felt lighter than what I was lifting in my previous session - which was obviously objectively lighter. 

Has anybody else experienced anything similar, any advice that could help going forward?",1,1745590416.0,15,261
1k7gc2m,"Daily Simple Questions Thread - April 25, 2025",moz7err,[removed],1,1745592069.0,15,261
1k7gc2m,"Daily Simple Questions Thread - April 25, 2025",moz7wzv,"Is doing 3 sets of Bulgarian split squats, 2 sets of hack squat and 2 sets of leg extension all in the 8 to 10 rep range too much? I think it is but idk which one to remove without effect my goals. I feel spilt squats are helping me really well with strength and glute progress. I feel hack squats helps me work both legs with heavy weights. Then leg extension is a classic and builds that last head of the quad the others don‚Äôt.",1,1745592218.0,15,261
1k7gc2m,"Daily Simple Questions Thread - April 25, 2025",mozcqqh,I‚Äôm about to have a deload week in my cut. Do I go back to maintenance calories or a slight surplus?,1,1745593627.0,15,261
1k7gc2m,"Daily Simple Questions Thread - April 25, 2025",mozcs3s,"How do I balance out cheat meals (not days)? Sometimes I do have the urge to want to eat some pizza and or friend chicken or I want to eat with friends or family. What‚Äôs the best way to do this while not cancelling out my goals? I want to get leaner and build some muscle. Right now I‚Äôm doing a high protein diet, I am attempting to eat .6-1g of protein per pound of body weight, and I am working out regularly.",1,1745593638.0,15,261
1k7gc2m,"Daily Simple Questions Thread - April 25, 2025",mozgdl6,"Hey guys,

I'm currently following a routine given by a coach I hired at a commercial gym. At first, I was making decent progress, but now I feel like I've stalled on some exercises altogether‚ÄîI can‚Äôt seem to add more weight or reps no matter what approach I try.


I'm a 33-year-old male, 169 cm tall, and currently weigh 70 kg. When I started about a year ago, I was 62 kg. My short-term goal was to reach my current weight, and my long-term goal is to steadily gain strength by adding reps or weight at the beginning of each month.


Here‚Äôs my 4-day routine:

Day 1 ‚Äì Chest and Triceps

4 x 12‚Äì15 close grip push-ups

4 x 6‚Äì8 barbell bench press (I've been stuck at 50 kg for a couple of months)

4 x 8‚Äì10 dumbbell incline bench press (20 kg)

4 x 8‚Äì10 incline dumbbell fly (14 kg)

4 x 10‚Äì12 dumbbell pullover (22 kg)

4 x 8‚Äì10 French press on bench (stuck at 12 kg)

4 x 6‚Äì8 seated French press (stuck at 22‚Äì26 kg)

4 x 8‚Äì10 triceps pulldown (23 kg)


Day 2 ‚Äì Back and Biceps

4 x 6‚Äì7 close grip pull-ups (stuck at 7 max)

4 x 8‚Äì10 lat pulldown (52 kg)

4 x 8‚Äì10 seated row machine (stuck at 50 kg)

4 x 8‚Äì10 T-bar row (25‚Äì30 kg)

4 x 6‚Äì8 barbell bicep curls (can‚Äôt get past 15 kg)

4 x 6‚Äì8 cable bicep curls (18 kg)

4 x 8‚Äì10 concentration curls (10 kg) [I've been trying Scott curls instead]


Day 3 ‚Äì Legs and Abs

4 x 6‚Äì8 Smith machine squats (60 kg)

4 x 8‚Äì10 fixed lunges with dumbbells (7 kg)

4 x 6‚Äì8 leg press (120 kg)

4 x 6‚Äì10 leg extension (54 kg)

4 x 6‚Äì8 seated leg curl (41 kg)

3 x 15 hanging leg raises and hanging oblique leg raises


Day 4 ‚Äì Upper Body and Shoulders

4 x 8‚Äì10 dumbbell front raises (10 kg)

4 x 8‚Äì10 dumbbell lateral raises (10 kg)

4 x 8‚Äì10 rear delt pec fly (36 kg)

4 x 8‚Äì10 seated dumbbell press (18 kg)

4 x 12‚Äì15 barbell wrist curls (supination and pronation, 5 kg)

4 x 8‚Äì10 dumbbell alternate chest press with twist (20 kg)

4 x 8‚Äì10 single-arm seated row machine (25 kg)


How I go about my routine is pushing to 1‚Äì2 reps shy of failure and always putting in effort‚ÄîI try to go out of breath with each exercise or at least get my heart pumping. I've tried techniques like 2‚Äì3 reps with 20 seconds of rest on exercises I‚Äôm hard-stuck with, but haven‚Äôt seen meaningful progress. I‚Äôve also tried lowering reps and adding more weight, but most exercises just end up looking like baby reps or having terrible form.


I've worked with a couple of nutritionists, and the last one recommended the following daily macros:

2350 cal

140‚Äì160 g protein

50‚Äì60 g fat

280‚Äì300 g carbs


My main concern is whether the routine is good and worth sticking to, or if I should make changes. While progress has been slow, there has been some, so I'm not sure if the routine itself is the issue. About five years ago, I used to go to the gym 3‚Äì5 days a week, but I stopped a year into the pandemic. I started back roughly 10 months ago, and this time I‚Äôm trying to take it seriously.",1,1745594676.0,15,261
1k7gc2m,"Daily Simple Questions Thread - April 25, 2025",mozgfhi,[removed],1,1745594691.0,15,261
1k7gc2m,"Daily Simple Questions Thread - April 25, 2025",mozh03a,Q: in what are behind the neck pull ups different vs normal pull ups ?,1,1745594856.0,15,261
1k7gc2m,"Daily Simple Questions Thread - April 25, 2025",mozl2kf,"I find I really struggle to progress my tricep isolations, specifically skullcrushers. The other week I had to skip a push day because I was busy, and the next push session I did much better with my isolations (so one week rest vs 3 days). could it be my triceps aren‚Äôt recovering in time between each session? Or is this normal? I‚Äôm getting sufficient protein (140g), although I‚Äôm going for body recomp so at a calorific deficit.",1,1745596032.0,15,261
1k8zmga,"Daily Simple Questions Thread - April 27, 2025",mpaa0yg,"# Post Form Checks as replies to this comment

### For best results, please follow the **[Form Check Guidelines](https://www.reddit.com/r/Fitness/wiki/posting_guidelines#wiki_how_to_post_a_form_check)**.  *Help us help you.*

----


*I am a bot, and this action was performed automatically. Please [contact the moderators of this subreddit](/message/compose/?to=/r/Fitness) if you have any questions or concerns.*",1,1745744440.0,9,127
1k8zmga,"Daily Simple Questions Thread - April 27, 2025",mpe6056,"Right now I am on pretty clean bulk (mostly nutritious food, less than a pound gained per week) and I've been \*losing\* strength recently on many of my lifts. I know diet is not the reason, I don't think that stress or lack of sleep is really an issue. I am reluctant to blame overtraining, because my volume isn't really that high, and I am on a bulk so my body should have plenty of energy to recover as well as ever.

  
Is there anything I'm missing that could be the cause, or should I really be considering a deload and hope that I just need more recovery time?",3,1745794794.0,9,127
1k8zmga,"Daily Simple Questions Thread - April 27, 2025",mpdoe8k,"If I'm new to this and my ""workouts"" are basically what someone in shape would do to warm up, do I still need to do a warm up?¬†",2,1745788990.0,9,127
1k8zmga,"Daily Simple Questions Thread - April 27, 2025",mpb7pk4,"I‚Äôm following Eric Helms 4 day split program and I would like help picking out exercises that I can do with the equipment I have access to.    
I have dumbbells, resistance bands, a barbell with a few plates, and a cable machine. I don‚Äôt have an issue with the rest of the program, but I‚Äôm struggling to find movements I like for the Lower Body Volume days.

Hip Hinge Variant:      
 Leg Press Variant:      
 Leg Extension:      
 Leg Curl:       
Seated Calf Raise:",1,1745761300.0,9,127
1k8zmga,"Daily Simple Questions Thread - April 27, 2025",mpb88lj,[removed],1,1745761494.0,9,127
1k8zmga,"Daily Simple Questions Thread - April 27, 2025",mpbgtsu,[removed],1,1745764432.0,9,127
1k8zmga,"Daily Simple Questions Thread - April 27, 2025",mpc0905,[removed],1,1745770525.0,9,127
1k8zmga,"Daily Simple Questions Thread - April 27, 2025",mpc0u5s,"How mu h running is too much as a routine ?

Is 2 hiit (Norwegian 4*4) 2 liss (an hour) too much weekly?",1,1745770708.0,9,127
1k8zmga,"Daily Simple Questions Thread - April 27, 2025",mpcecw0,[removed],1,1745774831.0,9,127
1k8zmga,"Daily Simple Questions Thread - April 27, 2025",mpclntw,[removed],1,1745776982.0,9,127
1k8zmga,"Daily Simple Questions Thread - April 27, 2025",mpcuuc7,"I'm starting a push-up challenge with a friend. The aim is to get to 100 push-ups in a row. So we just do push-ups every day and try to steadily increase our repetitions.
I told someone else about this challenge and they said it is unhealthy to do more than 25 push-ups in a row because it is bad for the joints. Is there any merit to that? Or can I safely go up to 100 reps in a set? I tried searching Reddit but most threads were about how many reps people can do, and not about the safety of doing many reps¬†in row.",1,1745779811.0,9,127
1k8zmga,"Daily Simple Questions Thread - April 27, 2025",mpd3q5e,"I made this plan for myself, please tell me if it sucks and if I should find something made by a pro. I‚Äôve been lifting for about 11 months now and have gained about 16 lbs (M26, 188 lbs). However, I have some imbalances I want to work on which is why I made this one.



**Goal**: increase muscle mass/size

**Progression**: increase reps each session; once I can reach the upper rep range with good form, add weight

**Other notes**:

* My shoulder and back on the right side are smaller than the left, which is why I‚Äôve included the single-arm rows and shrugs
* I aim to do this PPL twice a week (6 days/week). I prefer shorter, more frequent workouts.



Push

1. Incline DB bench 3 x 8-12
2. Dips 3 x 8-12
3. Lateral raise 3 x 12-15
4. Tricep pushdown 3 x 12-15



Pull

1. Assisted pull-up 3 x 8-12
2. SA seated row 5 x 8-12
3. Hammer curl 3 x 12-15
4. Face pull 3 x 12-15



Legs + core

1. Hack squat 3 x 8-12
2. Romanian deadlift 3 x 8-12
3. Bulgarian split squat 3 x 8-12
4. Hanging leg raise 3 x TBD



* Alternate between calf raises (4 x 8-12) and single-arm DB shrugs (4 x 8-12) at the end of each workout",1,1745782599.0,9,127
1k8zmga,"Daily Simple Questions Thread - April 27, 2025",mpdm86f,[removed],1,1745788295.0,9,127
1k8zmga,"Daily Simple Questions Thread - April 27, 2025",mpdzajz,"So I have some issues engaging my lower traps and rhomboids in traditional exercises for those muscles. I've found, however, that when I bend to 90¬∞ at the waist holding a barbell and pull my scapulae together, I feel a good amount of activation in a way I haven't before. 

Can anyone see an issue with that exercise/approach? Is there a name for that, or have I just made up the stupidest exercise ever? It feels so good.",1,1745792575.0,9,127
1k8zmga,"Daily Simple Questions Thread - April 27, 2025",mpe0105,Is waiting too long in-between workouts a hinderence to hypertrophy  Like if I do 3 sets of biceps wait 20 minutes do 3 sets of back wait 20 minutes do more biceps. Etc,1,1745792810.0,9,127
1k8zmga,"Daily Simple Questions Thread - April 27, 2025",mpe035f,[removed],1,1745792830.0,9,127
1k8zmga,"Daily Simple Questions Thread - April 27, 2025",mpe0i22,Why is it I can hack squat a plate and 30 lbs on each side bur STRUGGLE to do a normal bar squat with just the bar? Like I used to bar squat for months and then quit for a couple months. Now I can‚Äôt?,1,1745792967.0,9,127
1k8zmga,"Daily Simple Questions Thread - April 27, 2025",mpekn7j,[removed],1,1745799998.0,9,127
1k8zmga,"Daily Simple Questions Thread - April 27, 2025",mpf1uad,"I've been looking at picking up more physical hobbies in addition to my strength training, and bouldering seems very fun. I do my weightlifting in the early morning before work, and I was thinking bouldering a couple times a week in the evenings would be very enjoyable, but could that hurt my strength gains?

Does anyone have advice on doing both? I've been doing a PPL split with 1 rest day a week, but would it be beneficial to pick up a different program multiple rest days and only boulder on my rest days? Or would it be ok to strength train in the morning and boulder/climb in the evening as long as I'm not doing both my pull days?",1,1745806378.0,9,127
1k8zmga,"Daily Simple Questions Thread - April 27, 2025",mpj2vr6,"30, 116kg 170cm

I have damaged Achilles tendon when I was 15

Is this the reason that my leg from would get wobbly?

Can it get better?

And what to do to at least make my body feel lest wobbly. From weight training and might include yoga?",1,1745866530.0,9,127
1k88nzd,"Daily Simple Questions Thread - April 26, 2025",mp494nn,"# Post Form Checks as replies to this comment

### For best results, please follow the **[Form Check Guidelines](https://www.reddit.com/r/Fitness/wiki/posting_guidelines#wiki_how_to_post_a_form_check)**.  *Help us help you.*

----


*I am a bot, and this action was performed automatically. Please [contact the moderators of this subreddit](/message/compose/?to=/r/Fitness) if you have any questions or concerns.*",1,1745658054.0,7,160
1k88nzd,"Daily Simple Questions Thread - April 26, 2025",mp9h0bd,"Are there any rough ballpark estimates as to the expected muscle to fat gain ratio at different levels of energy surplus? I am not looking for anything too accurate as I know it is dependent on individual factors such as training age, quality of stimulus and a host of genetic factors, but simply a heuristic to make an expected guess as to how long a given amount of fat cut would take to re-accumulate over a bulk.

Some estimated ranges like 70-80% muscle 20-30% fat for +5-10% surplus, 40-60 for +15-20 etc (purely examples). If even such broad ballparks are not useful due to variation resulting from individual circumstances, then I guess knowing that would help, too. 

If it helps to give me a more personal estimate, I'm nearing 2 years in training age (or 1¬Ω only accounting for time not in a deficit), and I'm planning on resuming a 'lean' bulk of around +5-7% caloric surplus (roughly 0.5 to 0.7kg or 0.6 to 0.8% bw/month). What I'm interested in estimating is how many months of such a bulk would it take until I regain, say, 0.5 kg of fat -- perhaps 2 to 4 months in the optimistic case?",3,1745727736.0,7,160
1k88nzd,"Daily Simple Questions Thread - April 26, 2025",mp764j0,"I'm doing dumbell squats and struggling to hold the dumbells long before my legs give out. What exercises should I do to support simply holding them? What muscles need working?¬†¬†


This is a good wake up call to sort out an upper workout anyway. Off to the wiki for me!¬†¬†",2,1745697233.0,7,160
1k88nzd,"Daily Simple Questions Thread - April 26, 2025",mp7pp0o,"edit: big thanks to Whoitspreston - a list of possible exercises and advice helped me narrowing down my research. 


I'm trying to devise an upper work out with limited equipment max 15kg dumbells, adjustable bench, cable machine, shoulder and chest press machines and no pull up or dips bar.¬†


I'm quite happy with targeting arms, chest, shoulder and back with dumbells but clueless on cable machines beyond a lat pull down.¬†


What exercises can I utilise from the single cable machine as this will offer me more weight progression than dumbells.¬†


Perhaps a better question would be, what would you recommend any specific exercises?


My goals are very generic currently - improve fitness and strength.¬†",2,1745703648.0,7,160
1k88nzd,"Daily Simple Questions Thread - April 26, 2025",mp993x2,"How do I eat this much damn protein? Apparently I should be eating 200 grams of protein because I weigh 200lbs. Even 100 grams of protein fills like a lot. 

I eat a lot of fish, and that has protein, but really I‚Äôm just scarfing down protein powder. Also, my hands feel tingly. So, not sure what that‚Äôs about. 

Also, my goal weight is 180. Should I be eating the protein for the body I want or the body I have?",2,1745724212.0,7,160
1k88nzd,"Daily Simple Questions Thread - April 26, 2025",mp4i17y,"Why does my legs hurt so much after cardio? I'm mainly focusing on cardio and stamina so I run around 20 minutes per day, with 2 10 minute intervals and a 5 minute walking break in between. But the next day after work out (I work out at dinner/nighttime) my legs are extremely sore, to the point where it kind of hurts to walk or even jog. I know pain is something a lot of people experience, especially those that have not been working out regularly. But mine lasted for a few days until it got better, so I was wondering if this is something common. Is it something dangerous / am I doing something wrong, and what should I do to prevent this from happening? (I do stretch before the session but not after, and I don't wear any running shoes, so I'm considering buying one.)

My goal is to get a strong leg and a strong heart (good cardio/stamina) from workouts. Please share any tips as well if you have some. Thank you so much for reading the long comment!",1,1745663536.0,7,160
1k88nzd,"Daily Simple Questions Thread - April 26, 2025",mp5387c,"Question about muscle loss

This might sound strange but ive stopped training legs as they have gotten too out of proportion for the look im going for. I've started cutting aswell so will I be able to get my legs back down to their orignal size during the cutting phase? 

(I know some people will say that I should keep training them etc etc but I simply hate the way they look as I'm going for a leaner slimmer physqie)

Thanks",1,1745673193.0,7,160
1k88nzd,"Daily Simple Questions Thread - April 26, 2025",mp5c7d4,"I‚Äôve started tracking macros and working out very recently (a month of playing around and about a month of being serious with a plan) and to save time I‚Äôve started doing my 9 sets back to back. It‚Äôs not a super set? But essentially I‚Äôll go through 10 reps of split squats followed immediately by 10 reps of Romanian deadlifts, one arm rows, dumbbell bench press, dumbbell overhead press, overhead dumbbell extension, dumbbell curl, 30 seconds of plank and 10 crunches. I‚Äôll do this 3-5 times as my workout 2-3 times a week. 

My goal is to maintain muscle mass while in a deficit because I‚Äôve lost 75 lbs and I don‚Äôt want to lose any muscle now that I‚Äôm closing in on my goal weight. My secondary goal is to do a pull up before my birthday! I gave myself 5 months to reach this goal but I‚Äôm absolutely amazed by how much closer I am getting every day. 

Is there a problem with doing the workout this way? I definitely get my heart racing and feel the burn by the end of the workout. Nothing crazy though, I‚Äôm not looking to grow my muscles per se. I am not pushing to failure, I am doing controlled movements and getting slower and more steady every day. I have to admit I have seen insane improvement since I‚Äôve started doing this so I think I‚Äôm unintentionally growing my muscles. My body fat percentage and weight are going down steadily since starting the resistance training. I regularly incorporate cardio and started running up stairs on my walks too. 

I‚Äôm also curious about the difference between being a mesomorph and newbie gains? Is there any way to tell? I‚Äôve always been husky and muscular but I attributed it to my weight.",1,1745676414.0,7,160
1k88nzd,"Daily Simple Questions Thread - April 26, 2025",mp5fcc4,"Male, 40s

After a life of being very active but not really working out, I'm starting out doing upper body push/pull resistance training about three times a week. Usually three sets to failure or near-failure of four pulling exercises (wide grip pullups, neutral grip pullups, dumbell raises, lateral raises) and three pushing exercises (diamond pushups, dips, seated overhead dumbell presses). I have two main questions:

1. What's a good pushing exercise to add, preferably bodyweight?

2. I'm going to start doing core work and cardio either on off days or 4-6 hours before or after my main session. If these workouts involve some decently taxing strength movements themselves (i.e., pushups for burpees, dead hangs for leg raises), will that mess up my progress in my main workouts? Will minor overtraining like that tend to wreck my muscles or just not add more progress?",1,1745677463.0,7,160
1k88nzd,"Daily Simple Questions Thread - April 26, 2025",mp5ker2,[deleted],1,1745679105.0,7,160
1k88nzd,"Daily Simple Questions Thread - April 26, 2025",mp5nfx1,"I've been doing 6-a-weeks since basically January, and I want to take a week or 10 days off, just to rest, recuperate and let a few of the dings heal up.

First off, is this wise to take a week or so off?  Or should I just switch to something like 10-15 km runs for a week, to take the intensity down?  

Second, how much muscle mass loss and fat gain am I looking at if I don't work out for a bit?",1,1745680062.0,7,160
1k88nzd,"Daily Simple Questions Thread - April 26, 2025",mp5qnuo,"I recently started working out again since my life has gotten worse and I wanted some control.

I hit my weight goal this week, but in a wonderful act of the universe also sprained my ankle.

How bad is it to take a week or slightly more off? I don't want to lose muscle mass",1,1745681077.0,7,160
1k88nzd,"Daily Simple Questions Thread - April 26, 2025",mp614ft,[removed],1,1745684363.0,7,160
1k88nzd,"Daily Simple Questions Thread - April 26, 2025",mp65jcb,"For each major compound movement, I have a primary variation and a secondary variation. I would do deadlifts and RDLs, and I‚Äôd do back squats and SSB squats. I hate the bar on my back and it‚Äôs a huge limiter in actually moving serious weight, so I‚Äôve made SSB squats my main lift and dropped back squats. I‚Äôm looking for a secondary lift to switch things up. I‚Äôve heard hex-bar deadlifts are actually more of a squat motion. Would that fit well in my existing lower body suite of lifts? I‚Äôd prefer to avoid front squats, as again, I just find the bar awkward to hold.

I‚Äôve been lifting for about 15 months and squatted twice a week the whole time, though my exact routine changed multiple times.",1,1745685764.0,7,160
1k88nzd,"Daily Simple Questions Thread - April 26, 2025",mp6ci2d,"I‚Äôm getting back into a simple walking routine (fast walking, probably 3.7 mph) outside.  My immediate goal is to lose weight.  My average heart rate while walking is 80%+ of my max and I walk for an hour a day.

Should I slow down?",1,1745687898.0,7,160
1k88nzd,"Daily Simple Questions Thread - April 26, 2025",mp6opm2,"I‚Äôve maxed out the hip adductor machine. How can I continue increasing weight on it? I don‚Äôt think any bodyweight exercises will do much compared to 185 pounds on the machine, but I could be wrong.",1,1745691610.0,7,160
1k88nzd,"Daily Simple Questions Thread - April 26, 2025",mp7eovv,Is it advisable to work core and legs on the same day,1,1745700017.0,7,160
1k88nzd,"Daily Simple Questions Thread - April 26, 2025",mp86u3r,"Gym I started going to has ""J"" style hooks on the bench press and I am having trouble unracking the barbell once I go a bit heavier. I'm having trouble unracking weight that I do for reps.

Well yesterday I tried to unrack the weight but I must have done it in a bad way because I got pain throughout my arm starting from my shoulder down to below my elbow.

Here is a photo of what the hooks look like: [https://postimg.cc/zL1VFZzV](https://postimg.cc/zL1VFZzV)

The way I do it now, is get in position, brace myself and then try to push up on the barbell but this doesn't work well at all. I'm used to doing it like this because that was how the bench in my old gym worked. 

How do I unrack the barbell on these types of hooks?",1,1745709514.0,7,160
1k88nzd,"Daily Simple Questions Thread - April 26, 2025",mp8bqeg,"How do I get back to six or seven days a week of exercise?

I usually only lift 3 or 4 days a week before getting a not good night sleep and saying screw it for the rest of the week.  How can I get on the workout every day train?  I find it helps me get back into the groove of maintaining health and fitness",1,1745711239.0,7,160
1k88nzd,"Daily Simple Questions Thread - April 26, 2025",mp8yngb,Tomorrow I have a boxing fitness class in the evening. I still want to hit the gym during the day - would it be better to do upper or lower body? Which one would interfere less with the boxing?,1,1745719975.0,7,160
1kbbwe5,"Daily Simple Questions Thread - April 30, 2025",mpt5yur,"# Post Form Checks as replies to this comment

### For best results, please follow the **[Form Check Guidelines](https://www.reddit.com/r/Fitness/wiki/posting_guidelines#wiki_how_to_post_a_form_check)**.  *Help us help you.*

----


*I am a bot, and this action was performed automatically. Please [contact the moderators of this subreddit](/message/compose/?to=/r/Fitness) if you have any questions or concerns.*",1,1746003656.0,2,81
1kbbwe5,"Daily Simple Questions Thread - April 30, 2025",mptf8cf,Just had a Deload week after having a strain at the top of my hammy / sit bone. Doing better but don‚Äôt want to go back to working weight on my squad and dead yet. Do you think I‚Äôm good to continue progress on my Bench and OHP in the meantime. (Running 5/3/1 btw),3,1746009274.0,2,81
1kbbwe5,"Daily Simple Questions Thread - April 30, 2025",mpt7i27,"Hey, guys. Need some advice about weight loss.

31y male, training experience 10+ years. A few weeks before start cutting, I started just recording ererything that I ate on the app and I came out to about 3300 +-50 calories per day at 101 kilograms (\~222 lbs).

I started losing weight at 2900 calories, but within 10 days my weight stayed the same. Then I started eating 2500 (250c/90f/170p) but after another 10 days my weight is the same 100.5 kilograms (\~220 lbs).

What tf am I doing wrong? I sleep 7-8 hours a day, work out regularly 4 times a week for years, my daily activity is even higher now than before (summer seasonal job), my strength in the gym hasn't changed. Do I need to keep cutting calories for good moderate weight loss, or wait for another 10 days? Or maybe change nutrients ratio?",1,1746004660.0,2,81
1kbbwe5,"Daily Simple Questions Thread - April 30, 2025",mptbetq,"hey  
  
I'm muay thai practionner and I rarely run. I practice cardio with lot of pads, heavy bags, lot ofsoft sparring, jumping rope...  
  
2 weeks ago, was in long week-end off along the french coast, and I gave a try to run for 40 minutes. Ended up with plantar fascia (on the band side). so, it's healing slowly because I still go my MT session. that said, I'll skip next MT session but I'm looking for any kind of workout exercice , related to cardio, that I could still practice with this minor injury ? stepper ? cycling ? swimming ?   
  
thanks",1,1746007102.0,2,81
1kbbwe5,"Daily Simple Questions Thread - April 30, 2025",mptcl6i,"I want to get back into the gym and was going to use the reddit PPL as a plan. However, I'm currently still resting off a shin injury (bad splints from running) and wanted to know what leg exercises were safe to do if any?",1,1746007791.0,2,81
1kbbwe5,"Daily Simple Questions Thread - April 30, 2025",mptk0ci,"Whats a good alternative to the machine tricep pushdown. I used to enjoy doing it and it make my triceps really feel worked after, but now the machine in my gym broke.

  
Been seeing JM press floating around recently idk if it's a replacement. My other tricep workout is skull crushers.",1,1746011660.0,2,81
1kbbwe5,"Daily Simple Questions Thread - April 30, 2025",mptp1jc,"As I start to lift heavier on the bench and use my legs more, sometimes it feels like I‚Äôm about to pull a hammy. Is it normal to stretch legs before benching? Maybe I‚Äôm just fucking old now. 29M",1,1746013878.0,2,81
1kbbwe5,"Daily Simple Questions Thread - April 30, 2025",mpupksc,"Wondering if anyone can give me pointers on working out without losing weight. Should the focus be more on increasing calorie intake or doing the right work outs? Or both? I‚Äôm sure I should be focusing on strength training like lifting weights instead of cardio. I‚Äôm 5‚Äô6‚Äù 115lbs female and I lost weight recently. After ruling out health issues with my doctor I think it came down to simply not eating enough. So ive put myself on a high calorie diet. I‚Äôve been focusing on getting the calories in and less about the type of calories I put in too because I‚Äôm finding high calorie healthy slightly difficult. But anyway I put working out on hold because I was afraid to lose weight, so I need some pointers. Sorry long post.",1,1746026012.0,2,81
1kbbwe5,"Daily Simple Questions Thread - April 30, 2025",mptk8p9,"Feel like I‚Äôve completely lost sight of that an average person, working out to stay healthy, looks like. Who are good examples of what that looks like? No gear, no SARMs, no 6 weeks of chicken and rice, just an average person, with average genetics, trying to stay healthy.",1,1746011766.0,2,81
1kbbwe5,"Daily Simple Questions Thread - April 30, 2025",mptme8c," have been running for years (not consistently and not in a super serious way), but I‚Äôve had bouts of trying really hard to get serious, and even when I think I have a ‚Äúgood run‚Äù it‚Äôs like 12 minute miles. I have never ever been athletic and genuinely think I lack the genes, but shouldn‚Äôt I be able to get faster than that?

I do have pretty severe anxiety and don‚Äôt like when I feel out of control/like I might faint and maybe that has to do with it. I just hate how I consider myself a runner but if anyone actually knew my pace I‚Äôd be mortified.",0,1746012741.0,2,81
1kbbwe5,"Daily Simple Questions Thread - April 30, 2025",mpu3erh,"I have something called Anterior Pelvic Tilt

Basically my lower abdomen sticks out which gives my abs a sunken in look. If you look at the link below the blue circle is where the body sticks out and the red is where it looks sunken in.

https://imgur.com/a/8aRho1j

I tried using AI to put me on the right track with some suggestions but I wanted to ask actual humans for more reliable information. Does anyone else have this? Does anyone have recommendations on how to fix this?

Outside of looking off when I'm lean, I get a muffin top extremely quickly whenever I gain weight which is annoying as hell.


*edit* interestingly enough the shadows highlight it well. My middle and upper abs are shadowed while the bottom abs aren't.",0,1746019187.0,2,81
1kbbwe5,"Daily Simple Questions Thread - April 30, 2025",mpug3j5,I have a bunch of herniated discs and overhead dumbbell presses seem to put too much load on them and give me soreness/spasms. How can I exercise the same muscles without loading my back?,0,1746023226.0,2,81
